jargon,short_definition,definition,easy_understanding,use_example,bad_example
怼,当面提意见、刚正面,当面指出问题、提出质疑,当面提意见、刚正面,这个方案逻辑有问题，我当场就怼了,日常闲聊、非工作场景不适用
刚,硬刚、不妥协,坚持立场、正面应对,硬刚、不妥协,这个不合理的需求我必须刚住,无意义的争执、非工作场景不适用
卷,拼命内卷、比谁更拼,过度竞争、无意义的内耗式努力,拼命内卷、比谁更拼,最近项目太卷了，天天加班到凌晨,正常的工作推进、合理的竞争不适用
躺,躺平、摆烂,放弃竞争、佛系工作,躺平、摆烂,这个项目我已经躺了，反正也拿不到好绩效,核心项目推进、关键任务不适用
冲,往前冲、赶紧干,全力推进、快速落地,往前冲、赶紧干,618大促来了，大家一起冲,需要谨慎评估的项目、非紧急任务不适用
扛,扛事、背锅,承担责任、顶住压力,扛事、背锅,这个事我来扛，你们不用管,非本职工作、无责任的场景不适用
甩,推卸责任、把问题抛给别人,推卸责任、把问题抛给别人,甩锅、推活,这个事明明是他的问题，还想甩给我,正常的工作交接、责任明确的场景不适用
摸,工作中偷懒、划水,工作中偷懒、划水,摸鱼、划水,今天活不多，下午摸会儿鱼,核心项目攻坚、紧急任务不适用
肝,爆肝、熬夜干,熬夜加班、拼命干活,爆肝、熬夜干,这个需求明天要上线，今晚得肝了,正常工作时间、非紧急任务不适用
稳,稳住、别出错,稳妥推进、不出差错,稳住、别出错,明天大促，大家一定要稳，别出问题,需要创新突破的项目、非关键任务不适用
战略,面向中长期目标的资源配置与行动选择。,面向中长期目标的资源配置与行动选择。,先说大方向，显得不是只在干杂活。,这个项目要先回到战略层看优先级。,只讨论今天几点发通知时不宜上升到战略。
布局,提前占坑，别等别人做完才想起来。,围绕目标提前配置资源、产品、渠道或组织能力。,提前占坑，别等别人做完才想起来。,我们要提前布局下半年增长机会。,已经临时救火时说布局会显得空。
定位,明确对象在市场、组织或方案中的角色与边界。,明确对象在市场、组织或方案中的角色与边界。,先说清楚这是干啥的、给谁用。,这个工具的定位是内部效率底座。,执行细节已定时反复谈定位会拖慢进度。
赛道,我们在哪条路上和谁卷,具有相似需求、竞争者和商业模式的业务领域。,我们在哪条路上和谁卷。,AI办公是今年重点关注的赛道。,单个功能按钮不宜称为赛道。
抓手,推动目标实现的关键动作、工具或载体。,推动目标实现的关键动作、工具或载体。,具体靠什么把事往前推。,会员体系是提升留存的核心抓手。,没有可执行动作时不要硬说抓手。
破局,卡住了，想个能打开局面的办法。,突破既有瓶颈或不利格局，形成新路径。,卡住了，想个能打开局面的办法。,低价策略不是目的，关键是用它破局。,常规排班调整不宜夸成破局。
卡位,先抢个好位置，后面好说话。,抢先占据关键位置、资源或用户心智。,先抢个好位置，后面好说话。,我们要在行业标准形成前完成卡位。,没有竞争窗口时慎用。
心智,别人一想到这事，会不会先想到你,用户或组织成员对某对象形成的稳定认知。,别人一想到这事，会不会先想到你。,这个活动要打的是用户心智。,讨论服务器故障原因时不宜说心智。
落地,别光说，真的干出来。,将方案转化为可实施、可交付的行动。,别光说，真的干出来。,这个策略下周要形成落地计划。,纯理论研究阶段不宜强求落地。
推进,催大家往前走。,持续协调资源并推动事项向前进展。,催大家往前走。,我来推进接口联调和验收。,事项不归自己负责时别轻易认领推进。
跟进,盯一下，别让它黄了。,对事项进展进行持续追踪和反馈。,盯一下，别让它黄了。,这个问题我会跟进到关闭。,无后续动作时不要只说跟进。
对齐,先把话说成一个版本。,让目标、口径、时间表或预期保持一致。,先把话说成一个版本。,上线前我们再对齐一次验收口径。,单人独立完成的小事无需过度对齐。
排期,什么时候做，什么时候交。,将任务安排到明确时间节点或迭代计划中。,什么时候做，什么时候交。,这个需求需要先进入下个版本排期。,完全没有资源承诺时不要假装有排期。
交付,把东西按时给出来,按约定完成并移交成果。,把东西按时给出来。,本周五交付第一版数据看板。,只有想法没有成品时不宜说交付。
拆解,拆解：把复杂目标分解为更小的任务、指标或路径。大活拆成小活。,把复杂目标分解为更小的任务、指标或路径。,大活拆成小活。,先把增长目标拆解到渠道和人群。,问题已经很简单时过度拆解会显得啰嗦。
闭环,事情有头有尾，别烂尾。,形成从发现、处理、反馈到复盘的完整流程。,事情有头有尾，别烂尾。,这类客诉要做到当天闭环。,开放性探索不一定能立刻闭环。
赋能,给别人递工具、给资源、帮他干得动,通过工具、资源、方法或能力支持对象提升表现。,给别人递工具、给资源、帮他干得动。,数据平台要赋能一线运营。,只是转发文件不宜说赋能。
协同,大家别各干各的。,多个主体围绕共同目标配合行动。,大家别各干各的。,这件事需要产品、技术、运营协同。,单人独立任务不宜强调协同。
共创,一起想，一起做，一起背锅。,多方共同参与方案设计和结果产出。,一起想，一起做，一起背锅。,我们和商家共创一套节日玩法。,方案已定只让对方执行时不宜说共创。
联动,你动我也动，别断线。,多个模块或团队发生配合与连锁响应。,你动我也动，别断线。,主会场和私域渠道要形成联动。,没有互动关系的并列任务不宜叫联动。
拉通,把散着的人和事串起来,打通信息、流程或资源，使不同环节连贯。,把散着的人和事串起来。,先拉通法务、财务和采购的审批链路。,只通知一方不算拉通。
拉齐,把大家拉到同一条线上,使多方理解、口径或进度趋于一致。,把大家拉到同一条线上。,上线前把各团队风险点拉齐。,对方没有参与必要时不宜拉齐。
同频,在认知、节奏或目标上保持一致。,在认知、节奏或目标上保持一致。,别我说东你想西。,这次调整需要先让核心成员同频。,纯粹告知型通知无需说同频。
串联,把点连成线,把分散节点连接为连续链路。,把点连成线。,运营同学负责串联报名到转化链路。,没有前后关系的事项不宜串联。
价值,到底有没有用,对象对用户、业务或组织产生的有效收益。,到底有没有用。,先讲清楚这个需求的业务价值。,讨论纯合规要求时不要只问商业价值。
增长,让数字变大,关键业务指标在规模、收入或用户量上的提升。,让数字变大。,这个实验目标是提升新客增长。,没有基线指标时不要空喊增长。
增效,提升单位投入产出的效率。,提升单位投入产出的效率。,同样的人和钱，干更多事。,这个机器人主要服务于客服增效。,新增复杂审批反而不宜称增效。
降本,少花钱少费人,降低人力、时间、资金或机会成本。,少花钱少费人。,今年供应链重点是降本和稳定交付。,牺牲质量和合规的低价不宜叫降本。
提效,干得更快,提升处理速度、周转效率或生产效率。,干得更快。,模板化后能明显提效。,只是把压力转嫁给下游不算提效。
转化,看了以后有没有买、点、留资,用户从一个状态进入目标状态的行为变化。,看了以后有没有买、点、留资。,落地页首屏会影响转化。,内部文化宣导不宜硬套转化。
留存,人来了以后还会不会回来,用户在一定周期后继续使用或保持活跃。,人来了以后还会不会回来。,新手引导直接影响次日留存。,一次性活动不宜过度考核留存。
口碑,别人愿不愿意夸你、推荐你。,用户或市场对产品、服务、组织的评价沉淀。,别人愿不愿意夸你、推荐你。,交付稳定是建立口碑的基础。,短期刷量不宜包装成口碑。
迭代,先做一版，再慢慢改。,基于反馈或目标持续进行版本更新。,先做一版，再慢慢改。,第一版上线后根据数据迭代。,监管文件定稿后不能随意迭代。
升级,换个更强的版本。,在能力、版本、规格或策略上提升层级。,换个更强的版本。,客服体系需要从响应升级到主动服务。,只是换个名字不宜叫升级。
优化,把不好用的地方改好一点,在既有基础上改进表现或体验。,把不好用的地方改好一点。,我们先优化报名链路。,方向错误时只优化细节不解决问题。
沉淀,别每次都从零开始。,将经验、数据、方法或能力固化为可复用资产。,别每次都从零开始。,活动结束后要沉淀一套模板。,一次性、无复用价值的事项不必沉淀。
进化,越来越会干,能力或系统随环境变化持续提升。,越来越会干。,推荐系统会随用户反馈持续进化。,小修小补不宜夸成进化。
跃迁,不是小进步，是跳一级。,跨越式提升到新的能力或结构层级。,不是小进步，是跳一级。,模型能力提升带来生产方式跃迁。,日常排版调整不宜说跃迁。
试点,先找个小地方试一下。,在有限范围内先行验证方案。,先找个小地方试一下。,先在华东区域试点，再决定是否推广。,风险已知且必须全量执行时不宜试点。
打磨,再修修，让它像样。,对细节反复调整以提高质量。,再修修，让它像样。,这版汇报还需要打磨故事线。,重大方向没定时先别沉迷打磨。
共识,共识：组织成员对目标、原则或判断形成共同理解。大家都明白为什么这么干。,组织成员对目标、原则或判断形成共同理解。,大家都知道为什么这么干。,先在管理层形成共识。,紧急处置时不能为了共识无限开会。
担当,面对目标、责任和风险时主动承担。,面对目标、责任和风险时主动承担。,出了事别只甩锅。,关键节点需要负责人有担当。,要求基层无授权背责任不宜叫担当。
皮实,抗压，别一碰就碎。,面对压力、变化和批评时保持韧性。,抗压，别一碰就碎。,这个岗位节奏快，需要比较皮实。,涉及心理健康或不合理加班时慎用。
利他,别只想着自己方便,优先考虑他人、客户或整体利益。,别只想着自己方便。,平台团队要有利他意识。,要求一方长期牺牲权益时不宜包装成利他。
敬畏,别飘，别乱来。,对规则、用户、市场或专业保持尊重和边界感。,别飘，别乱来。,做金融产品要对风险有敬畏。,普通创意讨论中过度强调敬畏会压制表达。
氛围,这个组待着舒不舒服、卷不卷。,团队或组织中可感知的情绪、关系与行为环境。,这个组待着舒不舒服、卷不卷。,新人融入需要好的团队氛围。,制度问题不能只归因于氛围。
机制,靠规则运转，别靠人情硬撑。,稳定影响行为和结果的制度、流程或规则安排。,靠规则运转，别靠人情硬撑。,要通过机制保证问题及时暴露。,一次性口头约定不宜叫机制。
组织,一群人怎么分工、怎么一起干,为实现目标而形成的人员结构与协作系统。,一群人怎么分工、怎么一起干。,这个问题不只是流程问题，也是组织问题。,单个岗位说明不宜泛化为组织问题。
中台,把重复造轮子的能力集中起来给大家用。,沉淀通用能力并支撑前台业务复用的平台型组织或系统。,把重复造轮子的能力集中起来给大家用。,会员、交易、数据能力可以沉淀到中台。,小团队单一系统不一定需要中台。
小二,平台里负责服务商家和用户的人。,阿里/淘宝语境中对平台运营、客服或员工角色的称呼。,平台里负责服务商家和用户的人。,这件事可以先找类目小二确认规则。,外部正式合同中慎用内部称呼。
花名,公司里的江湖名。,员工在组织内部使用的别名或昵称。,公司里的江湖名。,他的花名叫逍遥子。,法律文件和正式任免公告应使用本名。
使命,组织长期存在的根本目的。,组织长期存在的根本目的。,公司说自己到底为什么存在。,阿里使命是让天下没有难做的生意。,短期促销目标不宜说成使命。
愿景,公司想变成什么样。,组织希望长期成为的状态或图景。,公司想变成什么样。,愿景要能指导长期取舍。,本周任务不宜拔高为愿景。
客户,先想用户/商家要什么。,价值创造和服务优先级中的核心对象。,先想用户/商家要什么。,客户第一意味着先解决真实痛点。,把内部老板误称为客户会混淆对象。
变化,唯一不变就是一直变,外部环境和内部条件持续改变的常态。,唯一不变就是一直变。,变化是常态，流程也要能快速适配。,稳定合规要求不能随意用变化掩盖。
当下,现在不干等啥,强调立即行动和当前责任的时间取向。,现在不干等啥。,如果不是现在，那是什么时候。,需要审慎论证的高风险决策不宜只讲当下。
快乐,干活也别把人干废,强调工作与生活状态中的积极体验。,干活也别把人干废。,认真生活，快乐工作。,高压加班后用快乐粉饰问题不合适。
生态,一群人围着平台做生意,由多方参与者、平台能力和规则构成的商业系统。,不是一个产品，是一群人围着平台做生意。,平台要维护商家、用户和服务商生态。,两三个临时合作方不宜夸成生态。
全链路,贯穿全部关键环节,贯穿某项业务、服务或数据处理从起点到终点的全部关键环节，强调各环节之间的连接、协同和整体观察。,不是只看其中一步，而是把从开始到结束的整条链路都看完整。,本次优化需要从用户进入、操作、转化到服务反馈进行全链路分析。,只处理单个局部环节时，不宜称为全链路。
对一下,核对一下、对个账,核对信息、对齐口径,核对一下、对个账,这个数据我们对一下，避免出错,信息完全一致、无需核对的场景不适用
碰一下,简短沟通、同步进展,简短沟通、同步进展,聊一下、碰个面,这个事我们碰一下，快速定下来,需要深度讨论的复杂问题、正式会议不适用
过一下,快速过一遍内容、同步信息,快速过一遍内容、同步信息,过一遍、快速看一下,这个方案我们快速过一下，有问题再提,需要逐字审核的法律文件、核心合同不适用
抢品类,抢品类、占赛道,抢占品类赛道、争夺品类市场份额,抢品类、占赛道,这个新品类我们要抢下来，做行业第一,成熟品类、无竞争的内部业务不适用
卡认知,占心智、打认知,抢占用户心智、建立品牌认知,占心智、打认知,这个新品我们要先卡认知，让用户想到就买我们,内部工具、To B 定制化产品不适用
占场景,抢占用户使用场景、布局场景化服务,抢占用户使用场景、布局场景化服务,占场景、铺场景,这个生活场景我们要占下来，做全链路服务,单一功能产品、无场景延伸的业务不适用
观行业,看行业、做行业分析,观察行业动态、分析行业趋势,看行业、做行业分析,做新业务前，先观行业，看清楚趋势,日常执行工作、固定流程业务不适用
明竞争,看对手、做竞争分析,明确竞争对手、分析竞争格局,看对手、做竞争分析,进入这个赛道前，先明竞争，知道对手的优势,垄断赛道、无竞争的内部业务不适用
洞自身,看自己、做自我分析,洞察自身优势劣势、明确自身定位,看自己、做自我分析,制定战略前，先洞自身，知道我们能做什么,日常执行工作、固定流程业务不适用
开场子,搭台子、建平台,搭建业务平台、打造业务生态,搭台子、建平台,这个新业务我们要开场子，吸引商家入驻,单一业务、无平台属性的产品不适用
提调子,定调子、定方向,确定沟通基调、明确核心方向,定调子、定方向,这个会议先提调子，核心是解决用户体验问题,日常闲聊、无明确主题的沟通不适用
冷启动,从0到1启动,新业务/产品从0到1的启动过程,从0到1启动、冷启动,这个新APP我们正在冷启动，先积累种子用户,成熟业务、已有大量用户的产品不适用
秀肌肉,秀实力、展优势,展示自身实力、优势能力,秀实力、展优势,这次行业大会，我们要秀肌肉，展示我们的技术实力,内部会议、日常工作沟通不适用
借东风,借势、蹭热点,借助外部趋势、热点、资源推进业务,借势、蹭热点,这次618大促，我们要借东风，冲一波销量,无外部热点、趋势的常规业务不适用
断舍离,砍业务、做减法,砍掉低效业务、放弃非核心项目,砍业务、做减法,这个业务一直不盈利，我们要断舍离，砍掉它,核心业务、高潜力项目不适用
薅羊毛,薅福利、占小便宜,用户通过平台活动、优惠获取福利,薅福利、占小便宜,这次双11，很多用户来薅羊毛，领了很多优惠券,无优惠活动的日常场景、To B 业务不适用
砍一刀,砍价、拉好友助力,拼多多式的用户裂变，通过好友助力砍价获取优惠,砍价、拉好友助力,这个商品可以砍一刀，拉3个好友就能免费拿,无裂变需求的常规销售、To B 业务不适用
走出去,拓市场、走出去,拓展外部市场、走出原有业务边界,拓市场、走出去,我们的业务要走出去，拓展东南亚市场,内部业务、固定区域的成熟业务不适用
讲故事,讲品牌故事、做内容营销,通过品牌故事、内容传递品牌价值,讲品牌故事、做内容营销,这个新品我们要讲故事，传递我们的品牌理念,内部工具、纯功能型产品不适用
扁平化,去层级、扁平化管理,减少组织层级、提升沟通效率,去层级、扁平化管理,我们团队要做扁平化，减少汇报层级，提升效率,超大型组织、需要严格层级的合规部门不适用
差异化,做差异、找不同,打造与竞争对手不同的产品/服务优势,做差异、找不同,我们的产品要做差异化，和竞争对手拉开差距,标准化产品、无竞争的内部业务不适用
平台化,做平台、建生态,将业务打造成开放平台，吸引多方参与,做平台、建生态,我们的业务要平台化，吸引更多商家和开发者入驻,单一功能产品、无平台属性的业务不适用
结构化,拆结构、理逻辑,将复杂问题拆解为有逻辑的结构,拆结构、理逻辑,这个问题我们先结构化拆解，再逐个解决,简单问题、无需逻辑拆解的场景不适用
精细化,做细节、精细化运营,对业务/运营做细致的颗粒度管理,做细节、精细化运营,我们的运营要做精细化，针对不同用户做不同的触达,粗放型业务、无需细节管理的场景不适用
短平快,快节奏、快速落地,项目周期短、流程平、见效快,快节奏、快速落地,这个活动我们要短平快，2周内上线,大型项目、需要长期规划的业务不适用
常态化,固定化、日常化,将临时工作/活动变成固定的日常流程,固定化、日常化,这个用户触达活动我们要常态化，每周都做,临时活动、一次性项目不适用
强依赖,高度依赖、离不开,系统/业务对某个组件/服务有高度的依赖,高度依赖、离不开,这个系统对支付服务有强依赖，支付出问题整个系统就崩了,独立系统、无外部依赖的业务不适用
不可控,控不住、有风险,事件/结果无法被预测和控制,控不住、有风险,这个外部合作有很多不可控因素，我们要做预案,完全可控的内部流程、固定业务不适用
有风险,有风险、不安全,事件/项目存在潜在的不利影响,有风险、不安全,这个方案有风险，我们要再评估一下,完全无风险的常规业务、固定流程不适用
感知度,用户感知、认知度,用户对产品/服务的感知和认知程度,用户感知、认知度,这个功能的用户感知度太低，我们要优化,内部工具、无用户交互的系统不适用
颗粒度,细节程度、拆解细度,对事物拆解的细致程度,细节程度、拆解细度,这个数据的颗粒度太粗，我们要拆到更细的维度,宏观战略、无需细节拆解的场景不适用
方法论,做事方法、套路,可复用的做事方法和逻辑体系,做事方法、套路,通过这个项目，我们沉淀了一套可复用的方法论,一次性项目、无复用价值的场景不适用
组合拳,多管齐下,多个策略/动作组合使用，形成协同效果,组合策略、多管齐下,这次大促我们要打组合拳，优惠券+直播+短视频一起上,单一动作、无协同需求的场景不适用
引爆点,爆发点、关键节点,能让事件/产品快速爆发的关键节点,爆发点、关键节点,我们要找到这个产品的引爆点，让它快速火起来,成熟产品、无爆发需求的常规业务不适用
护城河,核心优势、竞争壁垒,企业/业务的核心竞争优势，能抵御竞争对手,核心优势、竞争壁垒,我们的技术壁垒就是我们的护城河，竞争对手很难超越,无竞争的内部业务、成熟赛道的标准化产品不适用
影响力,号召力、行业影响力,品牌/业务在行业/用户中的影响和号召力,号召力、行业影响力,我们要提升品牌在行业中的影响力，拿到更多的合作资源,内部工具、无品牌需求的业务不适用
资源位,广告位、展示位,平台上能展示内容/商品的位置,广告位、展示位,这次大促，我们要拿到首页的核心资源位,无展示需求的内部系统、To B 定制化业务不适用
优先级,重要程度、先做后做,任务/项目的重要程度和执行顺序,重要程度、先做后做,我们先排一下需求的优先级，先做核心功能,无顺序要求的简单任务、固定流程不适用
制高点,行业高地、核心位置,行业/赛道的核心优势位置,行业高地、核心位置,我们要抢占这个赛道的制高点，做行业的领导者,成熟赛道、无竞争的内部业务不适用
可用性,能不能用、稳不稳定,系统/产品能正常使用的程度,能不能用、稳不稳定,这个系统的可用性要达到99.9%，不能出故障,内部工具、无高可用要求的系统不适用
易用性,好不好用、容不容易上手,用户使用产品/服务的便捷程度,好不好用、容不容易上手,我们要优化产品的易用性，让用户不用看教程就能用,内部工具、面向专业人员的复杂系统不适用
稳定性,稳不稳定、会不会崩,系统/服务能持续稳定运行的能力,稳不稳定、会不会崩,大促期间，系统的稳定性是第一位的，不能出问题,内部工具、无高稳定要求的系统不适用
便捷性,方便快捷程度,用户使用产品/服务的方便快捷程度,方不方便、快不快,我们要优化支付流程的便捷性，让用户1步就能完成支付,内部工具、无便捷性要求的复杂流程不适用
耦合性,关联程度、依赖度,系统/模块之间的关联和依赖程度,关联程度、依赖度,我们要降低系统的耦合性，让模块之间独立，方便维护,简单系统、无架构优化需求的场景不适用
一致性,统一、一致,系统/产品的设计、数据、体验保持统一,统一、一致,我们的产品要保持全端的体验一致性，用户用哪个端都一样,独立的内部工具、无统一需求的场景不适用
系统性,全局观、系统性思维,从整体和全局的角度思考和处理问题,全局观、系统性思维,我们要系统性的思考这个问题，不能只看局部,简单问题、局部执行任务不适用
端到端,全链路、从头到尾,从业务的起点到终点，全链路覆盖,全链路、从头到尾,我们要做端到端的用户体验优化，从用户进入到下单全流程优化,局部流程、单一环节的优化不适用
点对点,直接对接、一对一,两个节点之间的直接沟通/连接,直接对接、一对一,这个事我们点对点沟通，直接对接负责人,需要多方参与的复杂沟通、广播式通知不适用
点线面,从点到面、全局布局,从单点到线性，再到全局的思考和布局,从点到面、全局布局,我们的业务要做点线面的布局，先做单点突破，再线性延伸，最后全局覆盖,单一业务、无全局布局需求的场景不适用
上半场,前半段、增量期,行业/业务发展的前半阶段，增量市场阶段,前半段、增量期,电商行业的上半场已经结束，现在进入下半场,成熟行业、无明显阶段划分的业务不适用
下半场,后半段、存量期,行业/业务发展的后半阶段，存量市场阶段,后半段、存量期,现在是电商行业的下半场，我们要做精细化运营,新兴行业、增量市场阶段不适用
主战场,核心战场、主要业务,企业/业务的核心业务领域和市场,核心战场、主要业务,电商是我们的主战场，我们要守住核心优势,边缘业务、新拓展的非核心领域不适用
人货场,用户、商品、场景,电商零售的三个核心要素：人（用户）、货（商品）、场（消费场景）,用户、商品、场景,我们的运营要围绕人货场来做，匹配用户、商品和场景,非零售/电商业务、无商品和场景的业务不适用
基本面,核心经营情况、底子,企业/业务的核心经营状况和财务数据,核心经营情况、底子,我们先看一下这个业务的基本面，营收和利润情况,非经营类业务、无财务数据的内部项目不适用
基本盘,企业/业务的核心稳定的业务和用户群体,企业/业务的核心稳定的业务和用户群体,核心盘、基本盘,我们要先守住基本盘，再拓展新业务,新业务、无稳定用户和营收的项目不适用
操盘手,负责人、操盘的人,负责项目/业务整体运营和操盘的人,负责人、操盘的人,这个项目需要一个有经验的操盘手来负责,简单项目、无整体操盘需求的场景不适用
进化论,不断进化、持续优化,业务/组织根据市场变化不断进化和优化,不断进化、持续优化,我们的组织要遵循进化论，不断适应市场变化,固定流程、无进化需求的传统业务不适用
解释权,最终解释权,对规则/内容/事件的最终解释和定义的权力,最终解释权、定义权,这个活动的最终解释权归我们所有,无规则制定需求的场景、公开的行业标准不适用
最优解,最好的方案、最优解,在所有可行方案中，最优的解决方案,最好的方案、最优解,我们要找到这个问题的最优解，用最低的成本解决问题,简单问题、无多个方案可选的场景不适用
执行力,执行力：团队/个人把目标落地执行的能力,团队/个人把目标落地执行的能力,落地能力、干活的能力,我们团队的执行力很强，定的目标都能落地,纯战略规划、无执行需求的场景不适用
驱动力,核心动力、驱动力,推动业务/团队前进的核心动力,核心动力、驱动力,用户需求是我们业务发展的核心驱动力,无明确动力的停滞业务、固定流程不适用
鄙视链,鄙视链、优越感链条,行业/职场内不同岗位/业务之间的歧视和优越感链条,鄙视链、优越感链条,互联网行业里，技术岗和运营岗之间有鄙视链,无岗位差异的小团队、非职场场景不适用
生态链,上下游生态,围绕核心业务形成的上下游关联的业务生态,生态链条、上下游生态,我们要围绕电商业务，打造完整的生态链,单一业务、无生态布局需求的场景不适用
生态圈,生态圈,围绕核心业务形成的开放、协同的业务生态体系,生态体系、生态圈,我们要打造开放的电商生态圈，吸引更多的合作伙伴,封闭的单一业务、无生态需求的场景不适用
生态位,生态定位、角色,企业/业务在生态体系中的定位和角色,生态定位、角色,我们要在这个生态体系中找到自己的生态位，做核心的服务商,无生态体系的单一业务、独立项目不适用
全场景,全场景覆盖、所有场景,覆盖用户所有的使用场景,全场景覆盖、所有场景,我们的产品要做全场景覆盖，用户在家、出门、上班都能用,单一功能产品、无场景延伸需求的业务不适用
全渠道,全渠道覆盖、所有渠道,覆盖所有的销售和触达渠道,全渠道覆盖、所有渠道,我们的商品要做全渠道销售，线上线下所有渠道都覆盖,单一渠道业务、无多渠道需求的场景不适用
全方位,从所有维度和角度覆盖,从所有维度和角度覆盖,全方位、所有维度,我们要做全方位的风险评估，覆盖所有可能的风险点,单一维度的简单任务、局部优化不适用
全媒体,覆盖所有媒体和渠道,覆盖所有的媒体和传播渠道,全媒体覆盖、所有媒体,这次新品上市，我们要做全媒体投放，覆盖所有主流媒体平台,内部宣传、无传播需求的场景不适用
流量池,用户池、流量池,沉淀和留存的用户流量群体,用户池、流量池,我们要把公域流量沉淀到自己的流量池里，做长期运营,无用户沉淀需求的一次性活动、To B 定制化业务不适用
天花板,上限、瓶颈,行业/业务发展的上限和瓶颈,上限、瓶颈,这个赛道的天花板很低，我们要拓展新的业务,新兴行业、无明显上限的业务不适用
传话筒,只传递信息，不做思考和加工的人,只传递信息，不做思考和加工的人,传话筒、只传消息的人,他就是个传话筒，只把领导的话传下来，自己不思考,需要独立思考和决策的岗位、核心管理岗不适用
转化率,转化比例、成单率,完成目标动作的用户占总用户的比例,转化比例、成单率,这次活动的转化率很高，有10%的用户下单了,无转化目标的品牌宣传、内部工具不适用
活跃度,用户使用产品/服务的活跃程度,用户使用产品/服务的活跃程度,用户活跃、活跃度,我们的产品月活跃度很高，有80%的用户每月都用,一次性使用的产品、无用户活跃需求的工具不适用
颗粒感,细节质感、颗粒感,产品/内容的细节和质感,细节质感、颗粒感,这个视频的颗粒感很强，画面很清晰,内部工具、无质感要求的场景不适用
登云梯,晋升阶梯、成长路径,能帮助职业晋升和成长的机会和路径,晋升阶梯、成长路径,这个项目是他的登云梯，帮他拿到了晋升,无晋升需求的岗位、固定流程的工作不适用
冲击力,冲击力、震撼感,内容/产品能给用户带来的强烈的感官和心理冲击,冲击力、震撼感,这个广告片的冲击力很强，用户看了就忘不了,内部工具、无冲击需求的常规内容不适用
视觉锤,视觉符号、记忆点,能让用户快速记住的品牌视觉符号,视觉符号、记忆点,我们的品牌logo要做视觉锤，让用户看一眼就记住,内部工具、无品牌需求的场景不适用
孵化器,孵化平台、孵化器,能帮助新业务/新项目孵化和成长的平台和体系,孵化平台、孵化器,我们的创新孵化器，已经孵化出了多个成功的新业务,成熟业务、无孵化需求的项目不适用
新零售,线上线下融合零售,线上线下融合的新型零售模式,线上线下融合零售、新零售,我们要布局新零售，把线上电商和线下门店结合起来,纯线上电商、纯线下传统零售不适用
新物种,新东西、新物种,全新的业务模式、产品类型或行业形态,新东西、新物种,这个新业务是行业里的新物种，没有竞争对手,成熟的传统业务、已有大量玩家的赛道不适用
商业模式,商业模式：公司为谁解决什么问题、怎么把价值交付出去，以及怎么赚钱和持续运转。,描述组织如何创造价值、向客户交付价值并获取价值的整体机制，通常涉及客户群体、价值主张、渠道、客户关系、资源、活动、合作伙伴、成本和收入。,公司为谁解决什么问题、怎么把价值交付出去，以及怎么赚钱和持续运转。,在进入新市场前，需要先验证商业模式是否可持续。,只说明一次促销活动的赚钱方式，不能代表完整商业模式。
公域流量,平台上的公共客流,存在于第三方开放平台或公共渠道中，品牌通常需要通过内容、搜索、广告或平台分发规则持续获取的用户访问与触达机会。,平台上的公共客流，需要靠内容、投放或搜索去争取。,品牌先通过公域流量获得新客，再引导用户进入会员体系。,企业自己可持续直接触达的已授权会员，不宜继续称为公域流量。
私域流量,已留在自己会员、社群或账号里的客户,品牌或经营者在获得用户授权的前提下，能够直接连接、反复触达并持续运营的用户关系或用户群体。,已经留在自己会员、社群或账号里的客户，可以继续服务和沟通。,用户同意加入会员后，品牌可在私域中提供售后与复购服务。,未经用户同意收集联系方式或频繁骚扰，不属于合规私域运营。
垂直领域,聚焦特定行业、细分市场、专业问题或特定用户需求，并围绕该范围提供专业产品或服务的领域。,聚焦特定行业、细分市场、专业问题或特定用户需求，并围绕该范围提供专业产品或服务的领域。,不是什么都做，而是在一个细分方向里做深。,团队先聚焦医疗影像这一垂直领域，形成专业能力。,跨行业通用工具或覆盖范围极广的平台，不宜简单称为垂直领域。
竞品分析,研究别人的产品怎么做，找差异和机会，不是照抄。,系统研究直接竞争者、间接竞争者和替代方案的定位、目标客户、产品能力、体验、价格、渠道及优势劣势，为产品和市场决策提供依据。,研究别人的产品怎么做，找差异和机会，不是照抄。,立项前应完成竞品分析，明确我们的差异化价值。,直接复制对方受保护的设计、代码或商业秘密，不属于竞品分析。
顶层设计,先从全局把方向、结构和规则设计清楚。,从全局目标和长期约束出发，自上而下规划整体架构、关键机制、要素关系和实施路径。,先从全局把方向、结构和规则设计清楚。,数据治理需要先完成顶层设计，再逐步落地各业务域。,只讨论一个页面或局部功能细节时，不宜称为顶层设计。
底层逻辑,底层逻辑,隐藏在现象、判断或方案背后的基本规律、关键假设、因果关系与运行机制。,这件事为什么成立，最根本的原因是什么。,在讨论方案前，先把用户愿意付费的底层逻辑说清楚。,只是表达个人偏好、没有因果证据时，不宜包装成底层逻辑。
规模效应,做得越多，摊得越薄,在长期生产或经营过程中，随着产出规模扩大，单位产品或服务的平均成本下降的现象。,做得越多，固定投入被摊得越薄，平均每一份的成本越低。,订单规模提升后，仓配固定成本被摊薄，规模效应开始显现。,如果规模扩大后管理、沟通和协调成本上升，导致平均成本反而提高，则属于规模不经济，不能称为规模效应。
数据孤岛,各部门数据各管各的,数据分散在彼此隔离的系统、部门或技术平台中，缺少统一标准、共享机制和连通能力，导致数据难以关联、统一治理和复用。,各部门的数据各管各的，互相找不到、接不上、对不齐。,多个业务系统口径不一致，形成数据孤岛，影响统一经营分析。,只是依法隔离敏感数据或按权限控制访问时，不能简单视为数据孤岛。
降维打击,换一种更强的玩法，让对手原来的优势失效。,原指科幻作品中通过降低目标所处空间维度实施的毁灭性攻击；在商业和职场语境中，通常比喻一方凭借显著更高层级的技术、资源、成本结构或商业模式优势，使对手原有竞争方式难以应对。,换一种更强的玩法，让对手原来的优势失效。,自动化平台通过规模和数据优势，对传统手工作业形成降维打击。,只是价格低一点或短期促销时，不宜夸大为降维打击。
第二曲线,老业务快到瓶颈前，提前找到下一条增长路。,在第一条增长曲线达到峰值之前，投入资源培育新的业务、能力或增长路径，使其能够在原有业务衰退前形成接续。,老业务快到瓶颈前，提前找到下一条增长路。,公司正在探索企业服务作为未来的第二曲线。,仅做一次短期促销或换个宣传口号，不构成第二曲线。
头部效应,最前面的少数玩家拿走了大部分流量、资源和机会。,市场份额、资源、注意力、流量或收益向少数领先企业、产品、创作者或平台高度集中的现象。,最前面的少数玩家拿走了大部分流量、资源和机会。,该市场头部效应明显，新进入者需要找到差异化切口。,市场份额较分散、没有明显领先者时，不宜套用头部效应。
产品矩阵,一套分工明确的产品组合,企业围绕不同市场、用户、使用场景或价格层级配置的一组相互关联的产品组合，用于覆盖需求、分配资源和规划业务增长。,不是只有一个产品，而是一套分工明确的产品组合。,公司通过基础版、专业版和行业版构建产品矩阵。,多个重复产品互相抢用户、定位不清时，不应美化为产品矩阵。
资源倾斜,资源有限时优先配置,在资源有限的情况下，依据战略优先级，将预算、人力、信贷、流量或管理注意力优先配置给重点领域、项目或对象。,资源有限时，优先把人、钱和机会给更重要的事情。,为保证核心项目按期上线，本季度将适度进行资源倾斜。,没有明确优先级和预期收益，只因个人偏好分配资源时不宜使用。
从0到1,把一件原本没有的事情第一次做出来,创造此前不存在的新产品、业务、技术或能力，并使其从概念或未验证状态形成首个可运行、可验证的成果；与复制和扩大已有模式的“从1到N”相区别。,把一件原本没有的事情第一次做出来。,本阶段目标是完成产品从0到1，并验证首批用户需求。,在成熟流程上做常规小改动，不宜夸大为从0到1。
需求洞察,需求洞察,通过观察、访谈、数据分析和情境研究，识别用户表面诉求背后的动机、未满足需求、行为规律与潜在机会，为产品或业务方向提供依据。,不只听用户说要什么，还要弄明白他为什么需要。,访谈显示用户不是缺功能，而是缺少清晰引导，这是关键需求洞察。,只凭个人猜测、没有研究证据时，不应称为洞察。
核心场景,核心场景,对目标用户或主营业务价值最重要、需求较明确，并应优先投入资源验证和建设的使用情境。,用户最需要你、最能体现产品价值的那几个情况。,报销票据自动识别是该产品的核心场景。,极少发生且与主要价值无关的边缘需求，不宜列为核心场景。
北极星指标,最能说明产品长期价值是否在变好的那个关键数字。,用于统一产品或业务方向的一项核心结果指标，能够反映客户从产品获得的核心价值，并与可持续增长存在逻辑关联；通常还需配套输入指标，不能孤立使用。,最能说明产品长期价值是否在变好的那个关键数字。,团队将每周完成有效协作的活跃团队数作为北极星指标。,短期收入或容易被刷高、与用户价值弱相关的数字，不宜直接作为北极星指标。
快速响应,看到事情后尽快回复，并说明下一步怎么办。,针对具有时效要求的信息或事件，在约定时限内完成确认、优先级判断、责任分派以及首轮处理或明确反馈。,看到事情后尽快回复，并说明下一步怎么办。,客户反馈支付失败后，值班同学需要快速响应并同步处理进展。,普通非紧急事项不能以“快速响应”为由要求他人全天候秒回。
业务闭环,把整件业务从开始、交付到结果反馈全部跑通,围绕特定业务目标，将获客、交易、交付、服务和数据反馈等必要环节连通，形成可完成、可追踪、可反馈并能够持续优化的完整流程。,不只完成其中一步，而是把整件业务从开始、交付到结果反馈全部跑通。,从获客、成交到复购的数据已打通，初步形成业务闭环。,只完成其中一个环节、后续无人负责时，不能称为闭环。
责任到人,每件事都要明确谁主责、什么时候完成，以及做到什么程度。,将每项任务、风险或检查事项明确到具体责任主体，并同步明确其权限、期限、完成标准和追踪机制。,每件事都要明确谁主责、什么时候完成，以及做到什么程度。,所有上线检查项都必须责任到人并记录完成状态。,把全部责任推给没有权限和资源的个人，不是合理的责任到人。
数据口径,数据口径,围绕某项指标或数据结果，对统计对象、业务范围、时间周期、统计粒度和计算逻辑等作统一约定，以保证不同人员和报表对同一指标得出一致、可比较的结果。,先说清楚这个数字统计谁、统计多久、怎么算，避免每个人算出不同答案。,统计活跃用户前，需要统一账号去重和时间范围的数据口径。,不同报表计算规则不一致时，不能直接比较数字。
指标体系,一套能说明业务状态的指标,围绕业务目标，将指标按层级、业务关系和用途组织起来，并统一名称、定义、统计口径和时间周期，用于监测、评价、诊断和决策。,不是只看一个数字，而是一套能说明业务状态的指标。,团队围绕增长、质量和效率建立完整指标体系。,把大量无关数字放在一起、没有目标和关系，不构成指标体系。
战略抓手,用哪件具体的事把大战略真正做起来。,用于推动战略目标落地、能够集中资源并产生关键带动作用的项目、机制、行动或能力。,用哪件具体的事把大战略真正做起来。,会员体系将作为提升复购的核心战略抓手。,日常零散任务或影响极小的动作，不宜称为战略抓手。
关键战役,这段时间必须集中力量打赢的几件大事。,在一定时期内对核心目标具有重大影响，需要集中资源、明确负责人和胜负标准推进的重点项目或行动。,这段时间必须集中力量打赢的几件大事。,双十一商家增长是本季度的关键战役。,普通例行工作或没有明确胜负标准的任务，不宜称为关键战役。
组合打法,几种办法有计划地配合使用,围绕同一目标，将多种策略、渠道、工具或行动按照分工、顺序和衡量指标协同组合的执行方案。,不只靠一招，而是几种办法有计划地配合使用。,本次拉新采用内容种草、搜索承接和会员转化的组合打法。,随意堆叠动作、彼此冲突且没有统一目标时，不宜称为组合打法。
单元测试,单独检查一个小零件是否正常,对软件中可独立验证的较小代码或行为单元进行隔离测试，以确认其按照预期工作。,单独检查一个小零件是否正常，不是把整个系统一起测。,支付金额计算逻辑修改后，需要补充单元测试覆盖边界情况。,验证多个系统之间是否能正确协作时，应称为集成测试，而不是单元测试。
灰度发布,先让一小部分人试用，没问题再全面上线。,在旧版本继续可用的前提下，将新版本按用户、流量、实例或区域逐步放量，持续观察指标和反馈，再决定继续、暂停或回滚。,先让一小部分人试用，没问题再全面上线。,新搜索功能先向5%的用户灰度发布，观察错误率和转化率。,没有分批流量、观察指标和回滚方案的普通一次性发布，不宜称为灰度发布。
风险兜底,风险兜底：提前说清楚出了问题由谁处理、什么时候启动备用方案、最多承担到什么程度。,针对已经识别的重要风险，预先确定承担主体、触发条件、所需资源、应急或替代方案以及处置边界，以便风险发生时控制损失。,提前说清楚出了问题由谁处理、什么时候启动备用方案、最多承担到什么程度。,上线前需要明确回滚方案和风险兜底责任人。,口头说“我兜底”但没有权限、资源和方案时，不算有效兜底。
实时监控,系统出问题时能尽快看到并收到提醒。,按照业务要求的较短时间间隔，持续采集、计算和展示关键指标或事件，并在触发阈值时告警，以便及时发现异常和支持处理。,系统出问题时能尽快看到并收到提醒。,大促期间需要实时监控支付成功率和接口延迟。,每天人工汇总一次、无法及时发现异常的报表，不宜称为实时监控。
高可用性,某个机器或机房出问题，服务尽量还能继续用。,工作负载在短暂故障、间歇性失败或部分组件不可用时，仍能达到约定正常运行时间或服务水平的能力，通常通过冗余、故障隔离和故障转移实现。,某个机器或机房出问题，服务尽量还能继续用。,核心交易服务采用多可用区部署，提高高可用性。,只有一台服务器、没有冗余和恢复方案时，不应宣称高可用。
服务大盘,一眼看懂系统现在健不健康的仪表盘,面向某项服务或一组服务，在统一可视化页面集中呈现请求量、响应时间、错误率、实例状态和资源使用等关键监控指标，以支持健康判断、异常定位和发布观察。,一眼看懂系统现在健不健康的仪表盘。,发布后先观察服务大盘，确认错误率和响应时间没有异常。,只展示单个临时数据截图、且不能持续监控时，不应称为服务大盘。
场景闭环,用户在这个场景里能从头到尾把事办完。,围绕特定用户或业务场景，将需求触发、关键动作、结果交付和反馈优化等必要环节连通，使目标能够在该场景内完成并被验证。,用户在这个场景里能从头到尾把事办完。,从搜索、下单到售后已形成完整的场景闭环。,用户必须跳出产品并手工完成关键步骤时，通常还未形成闭环。
服务降级,系统扛不住时先保最重要的功能，次要功能暂时简化。,在服务器压力剧增、资源紧张或依赖异常时，按照预案暂时停用或简化非核心服务，或返回兜底结果，以释放资源并保障核心业务，条件恢复后再恢复正常服务。,系统扛不住时先保最重要的功能，次要功能暂时简化。,推荐服务异常时，可降级为热门商品列表，优先保障下单。,永久删减功能或没有恢复条件的普通改版，不应称为临时服务降级。
熔断机制,下游出错先暂停调用,当对依赖服务的错误或超时达到阈值时，暂时阻断后续调用并快速失败；经过时间窗口后允许少量请求探测，恢复则关闭熔断，未恢复则继续熔断，以防止故障扩散和系统雪崩。,下游一直出错时先暂停调用，避免把整个系统拖垮。,支付依赖连续超时后触发熔断机制，避免请求持续堆积。,正常的业务校验失败或用户输入错误，不应触发系统级熔断。
用户召回,把一段时间没来的用户重新请回来。,针对已经沉默、流失或存在流失风险的用户，通过内容、权益、提醒、服务等运营手段，促使其重新活跃、使用或购买。,把一段时间没来的用户重新请回来。,我们将向高价值沉默用户发送个性化权益，开展用户召回。,对已退订或拒绝营销的用户反复发送消息，不是合规召回。
精细运营,不同用户用不同办法运营，并持续看效果。,基于用户、内容、渠道和行为数据进行更细粒度的分群、策略配置、差异化触达、服务和效果评估，并根据结果持续优化。,不同用户用不同办法运营，并持续看效果。,针对新客、活跃用户和沉默用户制定不同精细运营策略。,没有用户授权、过度收集数据或无差别骚扰，不属于合理精细运营。
分层运营,用户分组后，每组用不同的运营办法。,根据用户分层结果，为不同群体设定差异化的运营目标、内容、权益、触达渠道、频率和服务方式，并分别衡量效果。,用户分组后，每组用不同的运营办法。,高价值用户侧重专属服务，沉默用户侧重召回，这是分层运营。,只完成分组但所有人仍收到相同内容，不算真正分层运营。
内容运营,持续把合适的内容做出来、发出去，并看用户是否喜欢。,围绕用户需求和业务目标，对内容进行策划、生产或组织、分发、互动维护、效果分析和持续优化。,持续把合适的内容做出来、发出去，并看用户是否喜欢。,内容运营团队将依据搜索词和完读率优化选题。,只负责偶尔发帖、没有目标和效果复盘时，不是完整内容运营。
聚合输出,聚合输出,将来自多个系统、团队或环节的数据、材料或成果，按照统一口径完成汇总、清洗、去重、校验和结构化后，形成统一结果或对外交付物。,把各方内容收齐整理后，由一个出口统一发出。,各小组先提交材料，再由项目组聚合输出最终方案。,只是把文件机械拼接、没有统一口径和质量检查时，不宜称为聚合输出。
资源整合,把各处能用的人、钱、渠道和能力组织起来一起做事。,识别、配置并组合分散的人力、资金、渠道、数据和能力，以减少重复投入并提升整体协同效率。,把各处能用的人、钱、渠道和能力组织起来一起做事。,本次活动需要整合品牌、渠道和技术资源，形成统一方案。,未经授权占用他人资源，或只索取不交换价值，不能称为资源整合。
能力建设,不只把眼前任务做完，还要把以后能反复使用的本事留下来。,围绕长期目标，在组织、人才、技术、流程或基础设施等方面持续投入并形成可复用、可传承的能力，以支持后续业务发展和价值创造。,不只把眼前任务做完，还要把以后能反复使用的本事留下来。,本季度不仅要完成项目交付，还要同步推进团队的能力建设。,一次性完成任务、没有形成可复用方法或能力沉淀时，不宜夸大为能力建设。
横向拉通,把相关部门叫到一起，把事情谈清楚并接起来。,以共同目标为前提，协调同级或跨职能团队，统一信息、边界、接口、责任和工作节奏，使跨团队流程连通。,把相关部门叫到一起，把事情谈清楚并接起来。,项目涉及产品、研发和运营，需要先横向拉通排期与责任。,个人可独立完成、完全不涉及其他团队的任务，不需要横向拉通。
共识对齐,使相关方对要实现的目标、选择该策略的原因、各自角色责任、判断标准和下一步行动形成共同理解；不要求所有观点完全一致，但关键分歧应被记录和处理。,使相关方对要实现的目标、选择该策略的原因、各自角色责任、判断标准和下一步行动形成共同理解；不要求所有观点完全一致，但关键分歧应被记录和处理。,大家对要做什么、为什么做和怎么做达成一致。,开发前先完成共识对齐，避免各团队对成功标准理解不同。,只要求他人服从而没有讨论关键分歧，不是真正的共识对齐。
纵向协同,上下层级把目标和行动接起来，不要各做各的。,不同组织层级或上下级体系之间围绕共同目标，在任务分解、资源配置、指令传递、进度反馈和责任落实等方面进行协调联动。,上下层级把目标和行动接起来，不要各做各的。,年度目标需要通过纵向协同拆解到各业务团队。,只是单向下达命令、没有反馈和协调，不宜称为协同。
上下同欲,上下同欲：使不同组织层级围绕共同目标和优先级形成共同理解与行动意愿，并通过目标分解、信息传递、资源配置和反馈机制保持行动一致。从管理层到执行团队，大家想的是同一件事、朝同一方向用力。,使不同组织层级围绕共同目标和优先级形成共同理解与行动意愿，并通过目标分解、信息传递、资源配置和反馈机制保持行动一致。,从管理层到执行团队，大家想的是同一件事、朝同一方向用力。,年度目标发布后，需要通过沟通和拆解做到上下同欲。,只是上级单向下达命令、下级并未理解或认同时，不宜称为上下同欲。
能力中心,把一类通用能力集中建设，其他团队需要时直接调用。,围绕某一业务领域，将公共能力抽象、标准化、组件化和服务化，形成可被多个前台或业务复用的能力集合。,把一类通用能力集中建设，其他团队需要时直接调用。,用户、商品和交易可以分别建设为共享能力中心。,只是一个行政部门名称、没有可复用能力和服务输出时，不宜称为能力中心。
资源互换,双方各拿出有价值的东西合作，尽量互利。,合作各方按照约定的权利、责任、期限和价值条件，交换渠道、内容、数据、服务、技术能力或其他资源，以获得互补收益。,双方各拿出有价值的东西合作，尽量互利。,双方可通过资源互换，共享活动入口和内容权益。,单方面索取、强迫对方提供资源或价值明显失衡时，不宜称为资源互换。
降本增效,不是单纯少花钱，而是减少浪费，同时把事情做得更有效。,在不损害关键产出、质量、安全和合规的前提下，通过优化流程、资源配置和技术应用，降低单位成本并提升效率或效益。,不是单纯少花钱，而是减少浪费，同时把事情做得更有效。,通过自动化减少重复录入，实现降本增效。,单纯裁减必要人员、导致质量和风险恶化，不能算真正降本增效。
结果导向,结果导向,以目标达成度、实际工作成效和可验证成果作为评价的重要依据，同时兼顾过程质量、合规、风险和长期价值。,不只说做了多少，要看最后交付了什么、产生了什么效果。,项目复盘应以结果导向，说明目标达成度和业务影响。,不能以结果导向为由忽视合规、安全、质量和合理过程。
价值主张,告诉客户：我为你解决什么问题，为什么选我。,面向特定目标客户，清楚说明产品或服务提供的独特利益与价值，以及客户为何应选择它而不是其他方案。,告诉客户：我为你解决什么问题，为什么选我。,该产品的价值主张是帮助小商家低成本完成数字化经营。,只罗列功能、不说明客户收益和差异时，不构成清晰价值主张。
数据驱动,做决定要看可靠数据，不只凭感觉。,将数据视为重要决策资产，在明确问题、保证数据质量和理解业务背景的前提下，用数据和分析证据支持目标设定、方案选择、执行监测和结果复盘，同时兼顾隐私、合规与因果边界。,做决定要看可靠数据，不只凭感觉。,团队通过实验数据决定是否扩大新功能流量，实现数据驱动。,只挑选支持既定观点的数据，或忽视数据质量，不属于数据驱动。
价值创造,价值创造,通过产品、服务、技术、关系或运营活动，为客户、用户、合作伙伴或社会带来可感知、可验证并可持续的利益，同时支持业务健康发展。,做的事情要真正给客户或业务带来价值，不只是完成动作。,评估项目时，不只看完成了多少任务，还要看是否产生了价值创造。,只有内部工作量增加、但客户收益和业务效果没有改善时，不宜称为价值创造。
遥遥领先,比别人领先很多，但做宣传时要拿同一口径的数据证明。,形容在同一比较口径下，某一对象相对其他对象具有明显的领先优势；用于商业传播时，应明确比较对象、指标、时间范围和数据来源。,比别人领先很多，但做宣传时要拿同一口径的数据证明。,在公开测评的同一口径下，该产品的能耗指标遥遥领先。,没有数据、比较对象或统一口径时，不宜直接使用。
提质增效,既要把事情做得更好，也要做得更快、更有效。,通过改进技术、流程、管理和资源配置，在提升产品、服务或交付质量的同时提高效率或效益。,既要把事情做得更好，也要做得更快、更有效。,统一模板和自动校验可以帮助团队提质增效。,仅压缩时间但增加错误和返工，不属于提质增效。
价格敏感,价格稍微变动，用户的购买意愿就会明显变化。,消费者需求或购买行为对价格变化的响应程度；敏感度越高，较小的价格变化越可能引起较明显的购买数量或转化变化。,价格稍微变动，用户的购买意愿就会明显变化。,该客群价格敏感，应测试不同优惠门槛对转化的影响。,不能用该词评价个人经济状况，更不能将其简单等同于“穷”。
用户粘性,用户愿不愿意经常回来继续用,用户在一段时间内持续使用、重复访问、互动或复购，并维持与产品或服务关系的倾向；通常需要结合留存率、活跃频次、使用周期和复购等指标判断。,用户愿不愿意经常回来继续用。,连续四周留存提升，说明核心功能的用户粘性有所增强。,仅凭单次访问时间长，就断言用户粘性高，证据不足。
用户心智,用户心智,用户对某一品牌、产品或品类形成的相对稳定认知、联想、期待和选择倾向，这些认知会影响其记忆、比较和购买决策。,用户一想到某个需求，会不会先想到你。,品牌希望在年轻用户心智中建立“高性价比”的稳定认知。,一次曝光或短期热搜不能证明已经形成用户心智。
价值感知,用户能不能明显感觉到这个产品对自己有用,用户基于所获得的功能、体验和结果，与付出的价格、时间、精力、学习成本和风险之间的权衡，对产品或服务整体价值形成的主观评价。,用户能不能明显感觉到这个产品对自己有用。,试用期内要让用户尽快形成价值感知。,企业内部认为功能先进，不代表用户已经感知到价值。
品牌心智,用户想到某类需求时，会不会记得并优先考虑这个品牌。,消费者对品牌形成的相对稳定认知、联想、印象和偏好，以及这些认知在特定需求或购买场景中影响品牌记忆、比较和选择的程度。,用户想到某类需求时，会不会记得并优先考虑这个品牌。,本次投放除了成交，还要衡量品牌心智是否得到提升。,一次短期曝光或热搜不能直接证明已经形成稳定品牌心智。
用户画像,把典型用户是谁、需要什么、怎么使用产品说清楚。,基于合法获得的用户自然属性、行为、偏好和业务标签等数据，构建用于刻画个人或群体特征的结构化模型，以支持分析、分群、产品设计和运营决策。,把典型用户是谁、需要什么、怎么使用产品说清楚。,我们需要结合访谈和行为数据更新核心用户画像。,仅凭个别印象给所有用户贴标签，或使用敏感信息歧视用户，不属于合理画像。
用户分层,把不同类型的用户分组，分别服务。,依据明确规则，按照用户属性、行为、价值、需求或生命周期阶段，将用户划分为具有共同特征的群体，以支持差异化分析、产品设计、服务和运营。,把不同类型的用户分组，分别服务。,我们按活跃度和消费频次进行用户分层，制定不同召回策略。,使用歧视性敏感属性、或分层后没有差异化动作时不宜使用。
用户旅程,用户围绕某一目标，在一段时间内通过多个线上线下触点与产品、服务或品牌发生互动的完整过程,用户围绕某一目标，在一段时间内通过多个线上线下触点与产品、服务或品牌发生互动的完整过程，包括其行为、体验、问题和情绪变化。,用户从认识你到使用、售后和再次购买的全过程。,团队绘制用户旅程后发现，售后环节存在明显断点。,只描述应用内一个按钮操作流程时，应更准确称为用户流程。
用户留存,用户第一次来之后，还会不会继续回来。,在明确起始用户群、活跃事件和统计周期后，观察其中用户在后续周期继续使用产品或保持活跃的程度。,用户第一次来之后，还会不会继续回来。,新版本上线后，次周用户留存提高了5个百分点。,仅看新增用户数量，无法判断用户留存。
品效合一,既要品牌又要销量,在同一营销体系中，同时关注品牌认知、品牌资产等长期价值与转化、成交等可衡量经营结果，并通过人群、内容、媒体、数据和承接链路使二者相互促进。,既要让更多人记住品牌，也要带来真实销售或转化。,本次投放同时考察品牌搜索提升和成交转化，推动品效合一。,只追求产品品质与生产效率时，不应使用该营销概念。
品效协同,品牌曝光和销售转化两边一起规划、互相配合。,使品牌建设与效果转化在目标、人群、内容、媒体、预算、数据、衡量和转化承接上协调配合，使长期品牌价值与短期经营结果相互支持。,品牌曝光和销售转化两边一起规划、互相配合。,品牌内容负责建立认知，搜索和店铺负责承接转化，实现品效协同。,只把品牌和效果预算放在同一张表里、没有共同目标和数据衔接，不算协同。
增长飞轮,一个环节变好会带动另一个，越转越顺。,多个业务环节形成相互促进的循环，前一环节产生的成果为后一环节提供动力，并通过持续反馈积累增长动能。,一个环节变好会带动另一个，越转越顺。,更多优质内容吸引更多用户，用户又吸引创作者，形成增长飞轮。,只是一次性的拉新活动，没有持续反馈循环时，不应称为飞轮。
核心路径,核心路径,用户为完成产品核心任务，从起点到达目标结果所经历的关键步骤和节点。,用户完成最重要任务必须走过的那条主要路线。,注册到首次下单是当前需要优化的核心路径。,极少发生的边缘操作流程，不宜定义为核心路径。
最小闭环,先做一条最小但完整的流程，把核心价值跑通并看到结果。,为验证核心价值而保留的最小完整业务或产品流程，至少能够从明确输入经过关键动作，产生可衡量的结果和反馈。,先做一条最小但完整的流程，把核心价值跑通并看到结果。,首版只覆盖一个城市，但要跑通下单、履约和售后的最小闭环。,只做展示页面、用户无法完成核心任务时，还不构成闭环。
内容迭代,发出去后看效果，再一版一版改好。,依据内容目标、受众反馈和效果数据，对选题、结构、表达、形式、分发渠道或发布时间进行连续调整，并在每轮发布后重新评估效果。,发出去后看效果，再一版一版改好。,根据用户搜索数据，我们将对帮助文档进行内容迭代。,只是机械换标题、没有依据和目标的重复修改，不宜称为内容迭代。
种子用户,最早愿意用、愿意提意见的一批核心用户。,产品或创新早期从目标人群中筛选出的用户，他们愿意尝试尚不完善的方案、提供实质反馈，并帮助验证需求、价值或传播路径；早期用户不必然都是种子用户。,最早愿意用、愿意提意见的一批核心用户。,首版上线前，我们先邀请20名种子用户参与封闭测试。,随机领取礼品但不属于目标人群、也不参与反馈的人，不宜称为种子用户。
小步快跑,别憋一个大版本，先做小块、快点验证。,将复杂目标拆分为较小、可独立交付和验证的增量，以较短周期持续交付、获取反馈并调整下一步。,别憋一个大版本，先做小块、快点验证。,我们先以一个城市试点，小步快跑验证履约模型。,高风险且不可逆的决策若缺少充分评估，不宜只强调小步快跑。
快速试错,用小成本尽快试一试，错了就及时调整。,针对明确假设，以成本和风险可控、结果可衡量的实验快速收集证据，并据此决定继续、调整或停止；不等于无计划地反复犯错。,用小成本尽快试一试，错了就及时调整。,先用小流量测试两种方案，快速试错后再扩大投入。,在安全、医疗、合规等高风险领域不能以快速试错替代必要审查。
敏捷迭代,一小段一小段做，做完就看反馈再改。,以较短周期交付可用增量，持续检查结果、获取相关方反馈并调整计划和工作方式，在适应变化的同时保持质量与可持续节奏。,一小段一小段做，做完就看反馈再改。,团队每两周交付一个可用增量，持续进行敏捷迭代。,只追求速度、不做质量验证和复盘，不属于有效敏捷迭代。
需求验证,先证明用户真的需要，再投入大量开发。,围绕用户问题、需求强度、解决方案偏好和付费意愿等关键假设，通过访谈、原型、实验或真实行为数据收集证据，以决定继续、调整或停止。,先证明用户真的需要，再投入大量开发。,开发前先用可点击原型完成需求验证。,询问亲友“觉得好不好”而没有目标用户和行为证据，不能充分验证需求。
数据闭环,数据不只看完就结束，还要用来行动，再看行动结果。,围绕明确业务目标，将数据采集、分析、策略执行、结果监测和反馈回流连接成持续循环，使策略、流程或模型能够依据新结果不断校正。,数据不只看完就结束，还要用来行动，再看行动结果。,召回策略上线后，效果数据回流模型，形成数据闭环。,只有报表展示、没有后续动作与效果回流时，不构成数据闭环。
漏斗分析,看用户在哪一步掉得最多,在明确统计对象、步骤顺序、统计时间范围和转化周期后，将用户完成目标的连续行为建模为漏斗，计算各步骤的到达人数、转化率和流失情况，以定位问题环节。,看用户在哪一步掉得最多。,通过漏斗分析发现，填写地址到支付的转化率最低。,步骤没有明确顺序、时间窗口或统计对象时，不宜直接做漏斗比较。
归因分析,判断转化归功于哪些渠道和动作,针对目标转化事件，选择归因窗口和归因模型，将转化贡献按规则分配给前序触点或行为事件，用于比较不同渠道和行为的相对贡献。,判断一次成交或转化主要应该归功于哪些渠道和动作。,团队使用归因分析比较搜索、内容和直播对成交的贡献。,把相关性直接当作因果，或只看最后一次点击，不应宣称得到完整真实贡献。
长期主义,不只看眼前成绩，愿意为长期有价值的事持续投入。,在长期价值和方向可验证的前提下持续投入并接受短期波动，同时设置阶段性目标和反馈机制，以检验方向、积累能力并及时调整。,不只看眼前成绩，愿意为长期有价值的事持续投入。,基础能力建设需要长期主义，但也要设定阶段性验证指标。,不能用长期主义掩盖长期没有成果、没有验证或拒绝调整。
赛马机制,让不同团队同时试，按规则选效果更好的。,针对同一任务允许两个以上团队或单位平行立项、并行探索，经过阶段评审后优中选优、重点聚焦或整合方案的项目组织管理方式。,让不同团队同时试，按规则选效果更好的。,两个小组将采用赛马机制验证不同推荐策略。,没有统一目标、公平资源和评估标准，只制造内耗时不宜使用。
全域经营,整合多渠道统一看用户,整合多个渠道、场景、用户触点和数据，贯通消费者运营、品牌建设、营销转化、服务和长期经营。,把不同平台、渠道和用户数据连接起来，统一看用户、营销和生意。,品牌通过广告、店铺、会员和线下门店协同推进全域经营。,简单地在很多平台开账号，但数据和策略彼此割裂，不算全域经营。
数据中台,把分散的数据能力做成一个公共平台，让各业务都能用。,以统一数据标准和治理体系为基础，将数据集成、建模、开发、质量、安全、资产和服务等共性能力平台化，向多个业务提供可复用、可管理的数据资产与服务。,把分散的数据能力做成一个公共平台，让各业务都能用。,公司计划建设数据中台，统一指标口径并提升数据自助服务能力。,只搭建一个数据库或报表工具、没有共享治理与服务能力时，不宜称为数据中台。
业务中台,把通用功能集中做一遍，前台直接复用,将多个业务重复使用的公共业务能力进行抽象、标准化和服务化，形成可复用能力中心，为前台业务快速组合、创新和一致运营提供支撑。,把各业务都要用的通用功能集中做一遍，前台需要时直接复用。,订单、会员和库存等公共能力可以沉淀到业务中台。,仅把多个旧系统放在一起、没有能力抽象和复用时，不宜称为业务中台。
左右对齐,左右对齐：使同级或跨职能团队围绕共同目标，在指标、职责边界、依赖关系、资源安排和工作节奏上形成一致，并对关键分歧作出处理。相关部门先把目标和做法谈清楚，避免各做各的。,使同级或跨职能团队围绕共同目标，在指标、职责边界、依赖关系、资源安排和工作节奏上形成一致，并对关键分歧作出处理。,相关部门先把目标和做法谈清楚，避免各做各的。,产品、研发和运营需要先左右对齐，再确定共同排期。,只把材料发给其他部门、没有确认理解与行动一致时，不算左右对齐。
千人千面,不同的人看到不同的推荐结果。,基于用户身份、行为、兴趣、场景和实时反馈，对内容、商品或服务进行个性化选择、排序和展示，使不同用户获得差异化结果。,不同的人看到不同的推荐结果。,推荐系统根据用户兴趣实现千人千面的商品展示。,所有用户看到完全相同的固定页面时，不应称为千人千面。
点线面体,点线面体：看清自己是单个角色、业务链、平台，还是更大的生态。,曾鸣提出的智能商业战略定位框架：点是生态中的具体服务参与者或能力提供者，线是依托平台向客户提供产品或服务的商家或品牌，面是连接多方并建立协同机制的平台，体是多个面扩张、交错和融合形成的生态体。,看清自己是单个角色、业务链、平台，还是更大的生态。,在制定平台战略前，先判断业务在点线面体中的定位。,普通项目排期中的任务层级，不应机械套用点线面体。
全域种草,多渠道持续种草,围绕消费者决策路径，在内容、达人、广告和店铺等多个触点持续培育品牌或商品认知与兴趣，并通过搜索、进店、互动和成交等后续行为承接和衡量。,不只在一个平台宣传，而是在多个渠道让用户了解、感兴趣并继续往下买。,品牌通过内容平台、直播和店铺协同推进全域种草。,只在单一渠道发布一次广告、没有跨触点承接时，不宜称为全域种草。
搜索经营,把用户搜什么、看到什么、点什么和买什么连起来运营。,围绕消费者搜索需求和搜索结果，联动关键词洞察、品牌与商品供给、内容、广告、店铺承接和转化分析，持续提升品牌或商品在搜索场景中的经营表现。,把用户搜什么、看到什么、点什么和买什么连起来运营。,品牌将结合用户搜索趋势调整关键词、内容和商品承接，开展搜索经营。,只是购买几个关键词、没有商品和转化承接时，不宜称为完整的搜索经营。
拥抱变化,情况变了，做法也要跟着变，别只守着旧办法。,阿里长期使用的文化表达，强调在客户、市场、竞争和组织环境变化时保持敬畏，主动调整自身、改变做法或创造变化。,情况变了，做法也要跟着变，别只守着旧办法。,市场环境发生变化后，团队需要重新评估方案并拥抱变化。,不能用来合理化频繁、无序、缺少解释和支持的变更。
361考核,一种历史上的强制绩效分档办法,媒体报道中所称的一种历史绩效分布做法，通常指将员工绩效按一定比例划分为较高、一般和较低等级；其具体规则及是否为阿里正式制度未获可靠官方确认。,一种历史上的强制绩效分档办法，不能当作当前制度默认存在。,讨论历史绩效机制时，可以说明361考核曾按3、6、1比例分布。,评价阿里当前绩效制度时，不能未经核实直接套用历史361比例。
To B / B2B,卖给公司,Business-to-Business，企业对企业,卖给公司,我们今年主攻 To B 客户。,卖给个人消费者时不适用
To C / B2C,卖给个人用户,Business-to-Consumer，企业对消费者,卖给个人用户,这个功能更偏 To C。,企业采购、组织决策不适用
SaaS,在线订阅软件,Software as a Service，软件即服务,在线订阅软件,我们做的是垂直行业 SaaS。,一次性本地部署软件不一定适用
PaaS,给开发者用的平台,Platform as a Service，平台即服务,给开发者用的平台,这套能力可以包装成 PaaS。,普通业务系统不宜硬叫 PaaS
IaaS,租服务器、存储、网络,Infrastructure as a Service，基础设施即服务,租服务器、存储、网络,客户已有 IaaS 预算。,只提供业务软件时不适用
CRM,管客户和销售线索,Customer Relationship Management，客户关系管理,管客户和销售线索,这个线索记得录 CRM。,纯项目管理工具不叫 CRM
ERP,管企业后台资源,Enterprise Resource Planning，企业资源计划,管企业后台资源,要和客户 ERP 打通。,单一销售看板不叫 ERP
KPI,考核指标,Key Performance Indicator，关键绩效指标,考核指标,Q3 KPI 是提升续费率。,纯愿景口号不是 KPI
OKR,OKR：目标加衡量结果,Objectives and Key Results，目标与关键成果,目标加衡量结果,这个 KR 不够可量化。,日常任务清单不适合叫 OKR
ROI,投入值不值,Return on Investment，投资回报率,投入值不值,这个渠道 ROI 太低。,只谈品牌声量且无法衡量时慎用
GMV,平台成交额，不等于收入,Gross Merchandise Value，商品交易总额,平台成交额，不等于收入,大促 GMV 破亿。,订阅软件收入不应直接叫 GMV
DAU,每天多少人用,Daily Active Users，日活跃用户数,每天多少人用,DAU 连续两周下降。,低频企业系统不一定看 DAU
MAU,一个月多少人用,Monthly Active Users，月活跃用户数,一个月多少人用,MAU 已经过千万。,一次性项目交付不适用
ARPU,平均每个用户贡献多少钱,Average Revenue Per User，每用户平均收入,平均每个用户贡献多少钱,会员上线后 ARPU 提升。,没有用户收入关系时不适用
CAC,拉来一个客户花多少钱,Customer Acquisition Cost，客户获取成本,拉来一个客户花多少钱,CAC 太高，先停投放。,只算曝光不算获客时不适用
LTV / CLV,一个客户长期能赚多少钱,Lifetime Value / Customer Lifetime Value，客户生命周期价值,一个客户长期能赚多少钱,LTV 要覆盖 CAC。,一次性无复购业务要谨慎用
MRR,每月稳定订阅收入,Monthly Recurring Revenue，月度经常性收入,每月稳定订阅收入,本月 MRR 增长 8%。,项目制一次性收入不适用
ARR,年化订阅收入,Annual Recurring Revenue，年度经常性收入,年化订阅收入,ARR 到 5000 万再融资。,非经常性收入不适用
Churn,用户退订、客户流失,Customer / Revenue Churn，客户/收入流失,用户退订、客户流失,先把 churn 降下来。,新用户增长指标不叫 churn
NRR,老客户续费加购后的收入留存,Net Revenue Retention，净收入留存率,老客户续费加购后的收入留存,NRR 超 100% 很健康。,没有续费或加购模型时不适用
PMF,产品真的有人要,Product-Market Fit，产品市场匹配,产品真的有人要,还没 PMF，别急着烧投放。,内部工具上线不一定谈 PMF
GTM,产品怎么卖出去,Go-to-Market，市场进入/商业化策略,产品怎么卖出去,GTM 方案下周评审。,单个宣传海报不叫 GTM
ICP,最适合卖的客户类型,Ideal Customer Profile，理想客户画像,最适合卖的客户类型,先把 ICP 定清楚。,泛泛的用户画像不一定是 ICP
MVP,先做能验证的最小版本,Minimum Viable Product，最小可行产品,先做能验证的最小版本,先做 MVP，不要大而全。,已成熟核心系统不能只做半成品
PRD,产品要做什么的说明书,Product Requirements Document，产品需求文档,产品要做什么的说明书,PRD 里把边界写清楚。,只有一句想法不叫 PRD
BRD,业务为什么要做、要达到什么目标,Business Requirements Document，业务需求文档,业务为什么要做、要达到什么目标,先评 BRD 再排期。,纯技术实现说明不叫 BRD
API,系统之间说话的接口,Application Programming Interface，应用程序编程接口,系统之间说话的接口,先对接支付 API。,人工 Excel 传文件不叫 API
SDK,给开发者用的一套工具,Software Development Kit，软件开发工具包,给开发者用的一套工具,给客户发 Android SDK。,单个接口文档不等于 SDK
POC,先证明能不能做,Proof of Concept，概念验证,先证明能不能做,这个项目先做 POC。,已确定量产交付时不叫 POC
SLA,承诺可用性和响应时间,Service Level Agreement，服务级别协议,承诺可用性和响应时间,合同里写 99.9% SLA。,内部口头承诺不算 SLA
SOP,固定流程、标准打法,Standard Operating Procedure，标准作业程序,固定流程、标准打法,把交付流程沉淀成 SOP。,临时一次性处理不必叫 SOP
UAT,让业务或客户验收能不能用,User Acceptance Testing，用户验收测试,让业务或客户验收能不能用,周五安排 UAT。,开发自测不叫 UAT
QA,测试和质量把关,Quality Assurance，质量保证,测试和质量把关,QA 今天做回归测试。,单纯用户反馈不叫 QA
CI/CD,自动构建、测试、发布,Continuous Integration / Continuous Delivery，持续集成/持续交付,自动构建、测试、发布,接入 CI/CD 后发版快很多。,手动上传代码不叫 CI/CD
A/B Test,两个版本比效果,A/B Testing，A/B 测试,两个版本比效果,按钮文案做个 A/B Test。,没有样本量和对照组不适用
CVR,有多少人完成目标动作,Conversion Rate，转化率,有多少人完成目标动作,落地页 CVR 提升了 2 个点。,只看曝光不看转化时不适用
NSM,全团队最核心的增长指标,North Star Metric，北极星指标,全团队最核心的增长指标,先定义 NSM，再拆指标。,部门局部小指标不一定是 NSM
EOD,今天下班前,End of Day，当天结束前,今天下班前,Please send it by EOD.,跨时区不说明时区时容易误用
ETA,什么时候能好,Estimated Time of Arrival / Completion，预计到达/完成时间,什么时候能好,Any ETA for the fix?,不确定范围很大时别硬报 ETA
FYI,发你看看，不一定要你处理,For Your Information，供你参考/知悉,发你看看，不一定要你处理,"FYI, customer signed.",需要对方明确行动时不该只写 FYI
OOO,我不在线或休假中,Out of Office，不在办公室/休假外出,我不在线或休假中,I’m OOO next Monday.,在线远程办公不一定算 OOO
TAM,理论上最大盘子有多大,Total Addressable Market，总潜在市场/总可服务市场,如果全市场都买，理论上最大盘子有多大,先估 TAM，再判断这个赛道值不值得进入。,小功能排期不需要上升到 TAM
SAM,可服务市场,Serviceable Available Market，可服务市场,在总市场里，我们产品和能力实际能覆盖多少,中国区企业客户是我们这一阶段的 SAM。,完全无能力触达的市场不应算进 SAM
SOM,在能服务的市场里，短中期真正能拿下多少,Serviceable Obtainable Market，可获取市场,在能服务的市场里，短中期真正能拿下多少,我们前三年目标 SOM 是 5%。,把整个行业规模都当作 SOM 是误用
